<edmx:Edmx xmlns:edmx="http://docs.oasis-open.org/odata/ns/edmx" Version="4.0">
	<edmx:Reference Uri="/sap/opu/odata/sap/ZFAP_PAY_REQ_SRV/$metadata">
		<edmx:Include Alias="Metadata" Namespace="ZFAP_PAY_REQ_SRV"/>
	</edmx:Reference>
	<edmx:Reference Uri="https://wiki.scn.sap.com/wiki/download/attachments/448470974/Common.xml?api=v2">
		<edmx:Include Alias="Common" Namespace="com.sap.vocabularies.Common.v1"/>
	</edmx:Reference>
	<edmx:Reference Uri="https://wiki.scn.sap.com/wiki/download/attachments/448470968/UI.xml?api=v2">
		<edmx:Include Alias="UI" Namespace="com.sap.vocabularies.UI.v1"/>
	</edmx:Reference>
	<edmx:DataServices>
		<Schema xmlns="http://docs.oasis-open.org/odata/ns/edm" Namespace="AP_PayRequest.annotation0.ZFAP_PAY_REQ_SRV">
			<Annotations Target="Metadata.ET_FV60Header/DescS">
				<Annotation Term="Common.ValueList">
					<Record Type="Common.ValueListType">
						<PropertyValue Property="CollectionPath" String="VH_CategorySet"/>
						<PropertyValue Property="SearchSupported" Bool="true"/>
						<PropertyValue Property="Parameters">
							<Collection>
								<Record Type="Common.ValueListParameterInOut">
									<PropertyValue Property="LocalDataProperty" PropertyPath="DescS"/>
									<PropertyValue Property="ValueListProperty" String="DescS"/>
								</Record>
								<Record Type="Common.ValueListParameterDisplayOnly">
									<PropertyValue Property="ValueListProperty" String="DescM"/>
								</Record>
								<Record Type="Common.ValueListParameterInOut">
									<PropertyValue Property="LocalDataProperty" PropertyPath="Rstgr"/>
									<PropertyValue Property="ValueListProperty" String="Rstgr"/>
									<Annotation Term="Common.FieldControl" EnumMember="Common.FieldControlType/Hidden"/>
									<Annotation Term="UI.Hidden" Bool="true"/>
								</Record>
							</Collection>
						</PropertyValue>
					</Record>
				</Annotation>
			</Annotations>
			<Annotations Target="Metadata.ET_FV60Header/Lifnr">
				<Annotation Term="Common.ValueList">
					<Record Type="Common.ValueListType">
						<PropertyValue Property="CollectionPath" String="VH_VenAddressSet"/>
						<PropertyValue Property="SearchSupported" Bool="true"/>
						<PropertyValue Property="Parameters">
							<Collection>
								<Record Type="Common.ValueListParameterInOut">
									<PropertyValue Property="LocalDataProperty" PropertyPath="Lifnr"/>
									<PropertyValue Property="ValueListProperty" String="Lifnr"/>
								</Record>
								<!--
								<Record Type="Common.ValueListParameterFilterOnly">
									<PropertyValue Property="ValueListProperty" String="Lifnr"/>
								</Record>
								-->
								<Record Type="Common.ValueListParameterDisplayOnly">
									<PropertyValue Property="ValueListProperty" String="Name1"/>
								</Record>
								<Record Type="Common.ValueListParameterDisplayOnly">
									<PropertyValue Property="ValueListProperty" String="Name2"/>
								</Record>
								<Record Type="Common.ValueListParameterDisplayOnly">
									<PropertyValue Property="ValueListProperty" String="Street"/>
								</Record>
								<Record Type="Common.ValueListParameterDisplayOnly">
									<PropertyValue Property="ValueListProperty" String="City"/>
								</Record>
								<Record Type="Common.ValueListParameterDisplayOnly">
									<PropertyValue Property="ValueListProperty" String="State"/>
									<Annotation Term="Common.Heading" String="State"/>
									<Annotation Term="Common.Label" String="State1"/>
								</Record>
								<Record Type="Common.ValueListParameterDisplayOnly">
									<PropertyValue Property="ValueListProperty" String="Zipcode"/>
								</Record>
							</Collection>
						</PropertyValue>
					</Record>
				</Annotation>
			</Annotations>
			<Annotations Target="Metadata.ET_FV60Item/CoTypDesc">
				<Annotation Term="Common.ValueListWithFixedValues" Bool="true"/>
				<Annotation Term="Common.ValueList">
					<Record Type="Common.ValueListType">
						<PropertyValue Property="CollectionPath" String="VH_CoTypeSet"/>
						<PropertyValue Property="Parameters">
							<Collection>
								<Record Type="Common.ValueListParameterInOut">
									<PropertyValue Property="LocalDataProperty" PropertyPath="CoTypDesc"/>
									<PropertyValue Property="ValueListProperty" String="CoTypDesc"/>
								</Record>
								<Record Type="Common.ValueListParameterOut">
									<PropertyValue Property="LocalDataProperty" PropertyPath="CoTyp"/>
									<PropertyValue Property="ValueListProperty" String="CoTyp"/>
								</Record>
							</Collection>
						</PropertyValue>
					</Record>
				</Annotation>
			</Annotations>
			<Annotations Target="Metadata.ET_FV60Item/Saknr">
				<Annotation Term="Common.ValueListWithFixedValues" Bool="false"/>
				<Annotation Term="Common.ValueList">
					<Record Type="Common.ValueListType">
						<PropertyValue Property="CollectionPath" String="VH_GLAccountSet"/>
						<PropertyValue Property="SearchSupported" Bool="true"/>
						<PropertyValue Property="Parameters">
							<Collection>
								<Record Type="Common.ValueListParameterInOut">
									<PropertyValue Property="LocalDataProperty" PropertyPath="Saknr"/>
									<PropertyValue Property="ValueListProperty" String="Saknr"/>
								</Record>
								<Record Type="Common.ValueListParameterDisplayOnly">
									<PropertyValue Property="ValueListProperty" String="SaknrDesc"/>
								</Record>
								<Record Type="Common.ValueListParameterIn">
									<PropertyValue Property="LocalDataProperty" PropertyPath="CoTypDesc"/>
									<PropertyValue Property="ValueListProperty" String="CoTypDesc"/>
								</Record>
								<Record Type="Common.ValueListParameterIn">
									<PropertyValue Property="LocalDataProperty" PropertyPath="CostObj"/>
									<PropertyValue Property="ValueListProperty" String="CostObj"/>
								</Record>
								<Record Type="Common.ValueListParameterIn">
									<PropertyValue Property="LocalDataProperty" PropertyPath="Rstgr"/>
									<PropertyValue Property="ValueListProperty" String="Rstgr"/>
								</Record>
							</Collection>
						</PropertyValue>
					</Record>
				</Annotation>
			</Annotations>
			<Annotations Target="Metadata.ET_FV60Header/Name1">
				<Annotation Term="UI.MultiLineText" Bool="true"/>
			</Annotations>
			<Annotations Target="Metadata.ET_FV60Item/CostObj">
				<Annotation Term="Common.ValueList">
					<Record Type="Common.ValueListType">
						<PropertyValue Property="CollectionPath" String="VH_CobjSet"/>
						<PropertyValue Property="SearchSupported" Bool="true"/>
						<PropertyValue Property="Parameters">
							<Collection>
								<Record Type="Common.ValueListParameterInOut">
									<PropertyValue Property="LocalDataProperty" PropertyPath="CostObj"/>
									<PropertyValue Property="ValueListProperty" String="CobjNo"/>
								</Record>
								<Record Type="Common.ValueListParameterDisplayOnly">
									<PropertyValue Property="ValueListProperty" String="CobjDesc"/>
								</Record>
								<Record Type="Common.ValueListParameterIn">
									<PropertyValue Property="LocalDataProperty" PropertyPath="CoTypDesc"/>
									<PropertyValue Property="ValueListProperty" String="CoTypDesc"/>
								</Record>
							</Collection>
						</PropertyValue>
					</Record>
				</Annotation>
			</Annotations>
			<Annotations Target="Metadata.ET_FV60Header/Dmbtr">
				<Annotation Term="Common.IsDigitSequence" Bool="true"/>
			</Annotations>
			<Annotations Target="Metadata.ET_FV60Header/Xblnr">
				<Annotation Term="Common.IsUpperCase" Bool="true"/>
			</Annotations>
			<Annotations Target="Metadata.ET_FV60Item/Geber">
				<Annotation Term="Common.ValueList">
					<Record Type="Common.ValueListType">
						<PropertyValue Property="CollectionPath" String="VH_FundSet"/>
						<PropertyValue Property="SearchSupported" Bool="true"/>
						<PropertyValue Property="Parameters">
							<Collection>
								<Record Type="Common.ValueListParameterInOut">
									<PropertyValue Property="LocalDataProperty" PropertyPath="Geber"/>
									<PropertyValue Property="ValueListProperty" String="Fund"/>
								</Record>
								<Record Type="Common.ValueListParameterDisplayOnly">
									<PropertyValue Property="ValueListProperty" String="FundTxt"/>
								</Record>
							</Collection>
						</PropertyValue>
					</Record>
				</Annotation>
			</Annotations>
		</Schema>
	</edmx:DataServices>
</edmx:Edmx>